corpus,drama,begin,end,Speaker.figure_surface,Speaker.figure_id,Token.surface,Token.pos,Token.lemma,length,Mentioned.figure_surface,Mentioned.figure_id
gdc-coref,nks0.0,79,90,_Stage,_Stage,in,APPR,in,20594,,
gdc-coref,nks0.0,79,90,_Stage,_Stage,memoriam,NE,--,20594,,
gdc-coref,nks0.0,93,105,_Stage,_Stage,Adolf,NE,adolf,20594,,
gdc-coref,nks0.0,93,105,_Stage,_Stage,Vogler,NE,vogler,20594,,
gdc-coref,nks0.0,32526,32542,_Stage,_Stage,Arsene,NE,arsene,20594,,
gdc-coref,nks0.0,32526,32542,_Stage,_Stage,.,$.,--,20594,,
gdc-coref,nks0.0,32526,32542,_Stage,_Stage,Phönice,NE,phönice,20594,,
gdc-coref,nks0.0,32526,32542,_Stage,_Stage,.,$.,--,20594,,
gdc-coref,nks0.0,35946,35972,ARSENE,arsene,Sie,PPER,sie,20594,,
gdc-coref,nks0.0,35946,35972,ARSENE,arsene,sieht,VVFIN,sehen,20594,,
gdc-coref,nks0.0,35946,35972,ARSENE,arsene,den,ART,der,20594,,
gdc-coref,nks0.0,35946,35972,ARSENE,arsene,Cato,FM,cato,20594,,
gdc-coref,nks0.0,35946,35972,ARSENE,arsene,kommen,VVFIN,kommen,20594,,
gdc-coref,nks0.0,35946,35972,ARSENE,arsene,.,$.,--,20594,,
gdc-coref,nks0.0,36497,36535,_Stage,_Stage,Cato,NE,cato,20594,,
gdc-coref,nks0.0,36497,36535,_Stage,_Stage,.,$.,--,20594,,
gdc-coref,nks0.0,36497,36535,_Stage,_Stage,Arsene,NE,arsene,20594,,
gdc-coref,nks0.0,36497,36535,_Stage,_Stage,.,$.,--,20594,,
gdc-coref,nks0.0,36497,36535,_Stage,_Stage,Phönice,NE,phönice,20594,,
gdc-coref,nks0.0,36497,36535,_Stage,_Stage,.,$.,--,20594,,
gdc-coref,nks0.0,36497,36535,_Stage,_Stage,Catons,NE,caton,20594,,
gdc-coref,nks0.0,36497,36535,_Stage,_Stage,Gefolge,NN,gefolge,20594,,
gdc-coref,nks0.0,36497,36535,_Stage,_Stage,.,$.,--,20594,,
gdc-coref,nks0.0,40701,40713,ARSENE,arsene,Sie,PPER,sie,20594,,
gdc-coref,nks0.0,40701,40713,ARSENE,arsene,geht,VVFIN,gehen,20594,,
gdc-coref,nks0.0,40701,40713,ARSENE,arsene,ab,PTKVZ,ab,20594,,
gdc-coref,nks0.0,40701,40713,ARSENE,arsene,.,$.,--,20594,,
gdc-coref,nks0.0,40724,40731,CATO,cato,allein,ADV,allein,20594,,
gdc-coref,nks0.0,40724,40731,CATO,cato,.,$.,--,20594,,
gdc-coref,nks0.0,40992,41016,_Stage,_Stage,Phokas,NE,phokas,20594,,
gdc-coref,nks0.0,40992,41016,_Stage,_Stage,.,$.,--,20594,,
gdc-coref,nks0.0,40992,41016,_Stage,_Stage,Artabanus,NE,artabanus,20594,,
gdc-coref,nks0.0,40992,41016,_Stage,_Stage,.,$.,--,20594,,
gdc-coref,nks0.0,40992,41016,_Stage,_Stage,Cato,NE,cato,20594,,
gdc-coref,nks0.0,40992,41016,_Stage,_Stage,.,$.,--,20594,,
gdc-coref,nks0.0,43316,43354,ARTABAN,artabanus,Er,PPER,er,20594,,
gdc-coref,nks0.0,43316,43354,ARTABAN,artabanus,überreichet,VVFIN,überreichet,20594,,
gdc-coref,nks0.0,43316,43354,ARTABAN,artabanus,dem,ART,der,20594,,
gdc-coref,nks0.0,43316,43354,ARTABAN,artabanus,Cato,NN,cato,20594,,
gdc-coref,nks0.0,43316,43354,ARTABAN,artabanus,das,ART,der,20594,,
gdc-coref,nks0.0,43316,43354,ARTABAN,artabanus,Schreiben,NN,schreiben,20594,,
gdc-coref,nks0.0,43316,43354,ARTABAN,artabanus,.,$.,--,20594,,
gdc-coref,nks0.0,43365,43371,CATO,cato,liest,VVFIN,lesen,20594,,
gdc-coref,nks0.0,43365,43371,CATO,cato,.,$.,--,20594,,
gdc-coref,nks0.0,44020,44031,ARTABAN,artabanus,Er,PPER,er,20594,,
gdc-coref,nks0.0,44020,44031,ARTABAN,artabanus,geht,VVFIN,gehen,20594,,
gdc-coref,nks0.0,44020,44031,ARTABAN,artabanus,ab,PTKVZ,ab,20594,,
gdc-coref,nks0.0,44020,44031,ARTABAN,artabanus,.,$.,--,20594,,
gdc-coref,nks0.0,44086,44099,_Stage,_Stage,Cato,NE,cato,20594,,
gdc-coref,nks0.0,44086,44099,_Stage,_Stage,.,$.,--,20594,,
gdc-coref,nks0.0,44086,44099,_Stage,_Stage,Phokas,NE,phokas,20594,,
gdc-coref,nks0.0,44086,44099,_Stage,_Stage,.,$.,--,20594,,
gdc-coref,nks0.0,48502,48518,_Stage,_Stage,Cato,NE,cato,20594,,
gdc-coref,nks0.0,48502,48518,_Stage,_Stage,.,$.,--,20594,,
gdc-coref,nks0.0,48502,48518,_Stage,_Stage,Pharnaces,NE,pharnaces,20594,,
gdc-coref,nks0.0,48502,48518,_Stage,_Stage,.,$.,--,20594,,
gdc-coref,nks0.0,51336,51359,_Stage,_Stage,Cato,NE,cato,20594,,
gdc-coref,nks0.0,51336,51359,_Stage,_Stage,.,$.,--,20594,,
gdc-coref,nks0.0,51336,51359,_Stage,_Stage,Pharnaces,NE,pharnaces,20594,,
gdc-coref,nks0.0,51336,51359,_Stage,_Stage,.,$.,--,20594,,
gdc-coref,nks0.0,51336,51359,_Stage,_Stage,Felix,NE,--,20594,,
gdc-coref,nks0.0,51336,51359,_Stage,_Stage,.,$.,--,20594,,
gdc-coref,nks0.0,51948,51965,_Stage,_Stage,Pharnaces,NE,pharnaces,20594,,
gdc-coref,nks0.0,51948,51965,_Stage,_Stage,.,$.,--,20594,,
gdc-coref,nks0.0,51948,51965,_Stage,_Stage,Felix,NE,--,20594,,
gdc-coref,nks0.0,51948,51965,_Stage,_Stage,.,$.,--,20594,,
gdc-coref,nks0.0,55715,55740,PHARNACES,pharnaces,Ende,NN,ende,20594,,
gdc-coref,nks0.0,55715,55740,PHARNACES,pharnaces,des,ART,der,20594,,
gdc-coref,nks0.0,55715,55740,PHARNACES,pharnaces,ersten,ADJA,erster,20594,,
gdc-coref,nks0.0,55715,55740,PHARNACES,pharnaces,Aufzuges,NN,aufzug,20594,,
gdc-coref,nks0.0,55715,55740,PHARNACES,pharnaces,.,$.,--,20594,,
gdc-coref,nks0.0,55806,55823,_Stage,_Stage,Domitius,NE,domitius,20594,,(11)
gdc-coref,nks0.0,55806,55823,_Stage,_Stage,.,$.,--,20594,,
gdc-coref,nks0.0,55806,55823,_Stage,_Stage,Phokas,NE,phokas,20594,,(12)
gdc-coref,nks0.0,55806,55823,_Stage,_Stage,.,$.,--,20594,,
gdc-coref,nks0.0,56554,56569,PHOKAS,phokas,Phokas,NE,phokas,20594,,(12)
gdc-coref,nks0.0,56554,56569,PHOKAS,phokas,geht,VVFIN,gehen,20594,,
gdc-coref,nks0.0,56554,56569,PHOKAS,phokas,ab,PTKVZ,ab,20594,,
gdc-coref,nks0.0,56554,56569,PHOKAS,phokas,.,$.,--,20594,,
gdc-coref,nks0.0,56900,56915,_Stage,_Stage,Cato,NE,cato,20594,,(13)
gdc-coref,nks0.0,56900,56915,_Stage,_Stage,.,$.,--,20594,,
gdc-coref,nks0.0,56900,56915,_Stage,_Stage,Domitius,NE,domitius,20594,,(11)
gdc-coref,nks0.0,56900,56915,_Stage,_Stage,.,$.,--,20594,,
gdc-coref,nks0.0,60783,60794,CATO,cato,Er,PPER,er,20594,,(13)
gdc-coref,nks0.0,60783,60794,CATO,cato,geht,VVFIN,gehen,20594,,
gdc-coref,nks0.0,60783,60794,CATO,cato,ab,PTKVZ,ab,20594,,
gdc-coref,nks0.0,60783,60794,CATO,cato,.,$.,--,20594,,
gdc-coref,nks0.0,60848,60874,_Stage,_Stage,Arsene,NE,arsene,20594,,(19)
gdc-coref,nks0.0,60848,60874,_Stage,_Stage,.,$.,--,20594,,
gdc-coref,nks0.0,60848,60874,_Stage,_Stage,Phönice,NE,phönice,20594,,(45)
gdc-coref,nks0.0,60848,60874,_Stage,_Stage,.,$.,--,20594,,
gdc-coref,nks0.0,60848,60874,_Stage,_Stage,Domitius,NE,domitius,20594,,(11)
gdc-coref,nks0.0,60848,60874,_Stage,_Stage,.,$.,--,20594,,
gdc-coref,nks0.0,61856,61873,ARSENE,arsene,Domitius,NE,domitius,20594,,(11)
gdc-coref,nks0.0,61856,61873,ARSENE,arsene,geht,VVFIN,gehen,20594,,
gdc-coref,nks0.0,61856,61873,ARSENE,arsene,ab,PTKVZ,ab,20594,,
gdc-coref,nks0.0,61856,61873,ARSENE,arsene,.,$.,--,20594,,
gdc-coref,nks0.0,61927,61954,_Stage,_Stage,Arsene,NE,arsene,20594,,(19)
gdc-coref,nks0.0,61927,61954,_Stage,_Stage,.,$.,--,20594,,
gdc-coref,nks0.0,61927,61954,_Stage,_Stage,Phönice,NE,phönice,20594,,(45)
gdc-coref,nks0.0,61927,61954,_Stage,_Stage,.,$.,--,20594,,
gdc-coref,nks0.0,61927,61954,_Stage,_Stage,Pharnaces,NE,pharnaces,20594,,(40)
gdc-coref,nks0.0,61927,61954,_Stage,_Stage,.,$.,--,20594,,
gdc-coref,nks0.0,62221,62230,PHARNACES,pharnaces,für,APPR,für,20594,,
gdc-coref,nks0.0,62221,62230,PHARNACES,pharnaces,sich,PRF,sich,20594,,(40)
gdc-coref,nks0.0,62221,62230,PHARNACES,pharnaces,.,$.,--,20594,,
gdc-coref,nks0.0,62354,62361,PHARNACES,pharnaces,Zu,APPR,zu,20594,,
gdc-coref,nks0.0,62354,62361,PHARNACES,pharnaces,ihr,PPER,ihr,20594,,(19)
gdc-coref,nks0.0,62354,62361,PHARNACES,pharnaces,.,$.,--,20594,,
gdc-coref,nks0.0,64580,64616,_Stage,_Stage,Porcius,NE,porcius,20594,,(63)
gdc-coref,nks0.0,64580,64616,_Stage,_Stage,.,$.,--,20594,,
gdc-coref,nks0.0,64580,64616,_Stage,_Stage,Arsene,NE,arsene,20594,,(19)
gdc-coref,nks0.0,64580,64616,_Stage,_Stage,.,$.,--,20594,,
gdc-coref,nks0.0,64580,64616,_Stage,_Stage,Pharnaces,NE,pharnaces,20594,,(40)
gdc-coref,nks0.0,64580,64616,_Stage,_Stage,.,$.,--,20594,,
gdc-coref,nks0.0,64580,64616,_Stage,_Stage,Phönice,NE,phönice,20594,,(45)
gdc-coref,nks0.0,64580,64616,_Stage,_Stage,.,$.,--,20594,,
gdc-coref,nks0.0,66209,66224,PORCIUS,porcius,Arsene,NN,arsene,20594,,(19)
gdc-coref,nks0.0,66209,66224,PORCIUS,porcius,geht,VVFIN,gehen,20594,,
gdc-coref,nks0.0,66209,66224,PORCIUS,porcius,ab,PTKVZ,ab,20594,,
gdc-coref,nks0.0,66209,66224,PORCIUS,porcius,.,$.,--,20594,,
gdc-coref,nks0.0,66279,66298,_Stage,_Stage,Pharnaces,NE,pharnaces,20594,,(40)
gdc-coref,nks0.0,66279,66298,_Stage,_Stage,.,$.,--,20594,,
gdc-coref,nks0.0,66279,66298,_Stage,_Stage,Porcius,NE,porcius,20594,,(63)
gdc-coref,nks0.0,66279,66298,_Stage,_Stage,.,$.,--,20594,,
gdc-coref,nks0.0,67757,67768,PORCIUS,porcius,Er,PPER,er,20594,,(63)
gdc-coref,nks0.0,67757,67768,PORCIUS,porcius,geht,VVFIN,gehen,20594,,
gdc-coref,nks0.0,67757,67768,PORCIUS,porcius,ab,PTKVZ,ab,20594,,
gdc-coref,nks0.0,67757,67768,PORCIUS,porcius,.,$.,--,20594,,
gdc-coref,nks0.0,68102,68119,_Stage,_Stage,Felix,NE,--,20594,,(68)
gdc-coref,nks0.0,68102,68119,_Stage,_Stage,.,$.,--,20594,,
gdc-coref,nks0.0,68102,68119,_Stage,_Stage,Pharnaces,NE,pharnaces,20594,,(40)
gdc-coref,nks0.0,68102,68119,_Stage,_Stage,.,$.,--,20594,,
gdc-coref,nks0.0,71726,71752,PHARNACES,pharnaces,Ende,NN,ende,20594,,
gdc-coref,nks0.0,71726,71752,PHARNACES,pharnaces,des,ART,der,20594,,
gdc-coref,nks0.0,71726,71752,PHARNACES,pharnaces,zweyten,ADJA,zweyter,20594,,
gdc-coref,nks0.0,71726,71752,PHARNACES,pharnaces,Aufzuges,NN,aufzug,20594,,
gdc-coref,nks0.0,71726,71752,PHARNACES,pharnaces,.,$.,--,20594,,
gdc-coref,nks0.0,71818,71849,_Stage,_Stage,Cäsar,NE,cäsar,20594,,
gdc-coref,nks0.0,71818,71849,_Stage,_Stage,.,$.,--,20594,,
gdc-coref,nks0.0,71818,71849,_Stage,_Stage,Domitius,NE,domitius,20594,,
gdc-coref,nks0.0,71818,71849,_Stage,_Stage,.,$.,--,20594,,
gdc-coref,nks0.0,71818,71849,_Stage,_Stage,Cäsars,NE,cäsar,20594,,
gdc-coref,nks0.0,71818,71849,_Stage,_Stage,Gefolg,NE,gefolg,20594,,
gdc-coref,nks0.0,71818,71849,_Stage,_Stage,.,$.,--,20594,,
gdc-coref,nks0.0,74148,74165,CÄSAR,cäsar,Domitius,NE,domitius,20594,,
gdc-coref,nks0.0,74148,74165,CÄSAR,cäsar,geht,VVFIN,gehen,20594,,
gdc-coref,nks0.0,74148,74165,CÄSAR,cäsar,ab,PTKVZ,ab,20594,,
gdc-coref,nks0.0,74148,74165,CÄSAR,cäsar,.,$.,--,20594,,
gdc-coref,nks0.0,74323,74337,_Stage,_Stage,Cäsar,NE,cäsar,20594,,
gdc-coref,nks0.0,74323,74337,_Stage,_Stage,.,$.,--,20594,,
gdc-coref,nks0.0,74323,74337,_Stage,_Stage,Arsene,NE,arsene,20594,,
gdc-coref,nks0.0,74323,74337,_Stage,_Stage,.,$.,--,20594,,
gdc-coref,nks0.0,74348,74357,ARSENE,arsene,für,APPR,für,20594,,
gdc-coref,nks0.0,74348,74357,ARSENE,arsene,sich,PRF,sich,20594,,
gdc-coref,nks0.0,74348,74357,ARSENE,arsene,.,$.,--,20594,,
gdc-coref,nks0.0,74895,74905,ARSENE,arsene,Bey,NE,bey,20594,,
gdc-coref,nks0.0,74895,74905,ARSENE,arsene,Seite,NE,seite,20594,,
gdc-coref,nks0.0,74895,74905,ARSENE,arsene,.,$.,--,20594,,
gdc-coref,nks0.0,79360,79372,ARSENE,arsene,Sie,PPER,sie,20594,,
gdc-coref,nks0.0,79360,79372,ARSENE,arsene,geht,VVFIN,gehen,20594,,
gdc-coref,nks0.0,79360,79372,ARSENE,arsene,ab,PTKVZ,ab,20594,,
gdc-coref,nks0.0,79360,79372,ARSENE,arsene,.,$.,--,20594,,
gdc-coref,nks0.0,79490,79502,_Stage,_Stage,Cato,NE,cato,20594,,
gdc-coref,nks0.0,79490,79502,_Stage,_Stage,.,$.,--,20594,,
gdc-coref,nks0.0,79490,79502,_Stage,_Stage,Cäsar,NE,cäsar,20594,,
gdc-coref,nks0.0,79490,79502,_Stage,_Stage,.,$.,--,20594,,
gdc-coref,nks0.0,89206,89217,CATO,cato,Er,PPER,er,20594,,
gdc-coref,nks0.0,89206,89217,CATO,cato,geht,VVFIN,gehen,20594,,
gdc-coref,nks0.0,89206,89217,CATO,cato,ab,PTKVZ,ab,20594,,
gdc-coref,nks0.0,89206,89217,CATO,cato,.,$.,--,20594,,
gdc-coref,nks0.0,89500,89517,_Stage,_Stage,Cäsar,NE,cäsar,20594,,
gdc-coref,nks0.0,89500,89517,_Stage,_Stage,.,$.,--,20594,,
gdc-coref,nks0.0,89500,89517,_Stage,_Stage,Pharnaces,NE,pharnaces,20594,,
gdc-coref,nks0.0,89500,89517,_Stage,_Stage,.,$.,--,20594,,
gdc-coref,nks0.0,91201,91212,CÄSAR,cäsar,Er,PPER,er,20594,,
gdc-coref,nks0.0,91201,91212,CÄSAR,cäsar,geht,VVFIN,gehen,20594,,
gdc-coref,nks0.0,91201,91212,CÄSAR,cäsar,ab,PTKVZ,ab,20594,,
gdc-coref,nks0.0,91201,91212,CÄSAR,cäsar,.,$.,--,20594,,
gdc-coref,nks0.0,91445,91471,PHARNACES,pharnaces,Ende,NN,ende,20594,,
gdc-coref,nks0.0,91445,91471,PHARNACES,pharnaces,des,ART,der,20594,,
gdc-coref,nks0.0,91445,91471,PHARNACES,pharnaces,dritten,ADJA,dritter,20594,,
gdc-coref,nks0.0,91445,91471,PHARNACES,pharnaces,Aufzuges,NN,aufzug,20594,,
gdc-coref,nks0.0,91445,91471,PHARNACES,pharnaces,.,$.,--,20594,,
gdc-coref,nks0.0,91537,91551,_Stage,_Stage,Cato,NE,cato,20594,,
gdc-coref,nks0.0,91537,91551,_Stage,_Stage,.,$.,--,20594,,
gdc-coref,nks0.0,91537,91551,_Stage,_Stage,Porcius,NE,porcius,20594,,
gdc-coref,nks0.0,91537,91551,_Stage,_Stage,.,$.,--,20594,,
gdc-coref,nks0.0,94764,94795,_Stage,_Stage,Cato,NE,cato,20594,,
gdc-coref,nks0.0,94764,94795,_Stage,_Stage,.,$.,--,20594,,
gdc-coref,nks0.0,94764,94795,_Stage,_Stage,Porcius,NE,porcius,20594,,
gdc-coref,nks0.0,94764,94795,_Stage,_Stage,.,$.,--,20594,,
gdc-coref,nks0.0,94764,94795,_Stage,_Stage,Arsene,NE,arsene,20594,,
gdc-coref,nks0.0,94764,94795,_Stage,_Stage,.,$.,--,20594,,
gdc-coref,nks0.0,94764,94795,_Stage,_Stage,Phönice,NE,phönice,20594,,
gdc-coref,nks0.0,94764,94795,_Stage,_Stage,.,$.,--,20594,,
gdc-coref,nks0.0,95807,95817,PORCIUS,porcius,seitwärts,ADV,seitwärts,20594,,
gdc-coref,nks0.0,95807,95817,PORCIUS,porcius,.,$.,--,20594,,
gdc-coref,nks0.0,96931,96954,CATO,cato,Er,PPER,er,20594,,
gdc-coref,nks0.0,96931,96954,CATO,cato,wendet,VVFIN,wenden,20594,,
gdc-coref,nks0.0,96931,96954,CATO,cato,sich,PRF,sich,20594,,
gdc-coref,nks0.0,96931,96954,CATO,cato,von,APPR,von,20594,,
gdc-coref,nks0.0,96931,96954,CATO,cato,ihr,PPER,ihr,20594,,
gdc-coref,nks0.0,96931,96954,CATO,cato,.,$.,--,20594,,
gdc-coref,nks0.0,97319,97350,ARSENE,arsene,Sie,PPER,sie,20594,,
gdc-coref,nks0.0,97319,97350,ARSENE,arsene,öffnet,VVFIN,öffnen,20594,,
gdc-coref,nks0.0,97319,97350,ARSENE,arsene,den,ART,der,20594,,
gdc-coref,nks0.0,97319,97350,ARSENE,arsene,Brief,NN,brief,20594,,
gdc-coref,nks0.0,97319,97350,ARSENE,arsene,und,KON,und,20594,,
gdc-coref,nks0.0,97319,97350,ARSENE,arsene,liest,VVFIN,lesen,20594,,
gdc-coref,nks0.0,97319,97350,ARSENE,arsene,.,$.,--,20594,,
gdc-coref,nks0.0,97767,97776,PORCIUS,porcius,erstaunt,VVPP,erstaunen,20594,,
gdc-coref,nks0.0,97767,97776,PORCIUS,porcius,.,$.,--,20594,,
gdc-coref,nks0.0,97891,97900,PORCIA,porcia,bestürzt,VVPP,bestürzen,20594,,
gdc-coref,nks0.0,97891,97900,PORCIA,porcia,.,$.,--,20594,,
gdc-coref,nks0.0,98020,98029,PORCIA,porcia,Zum,APPRART,zu,20594,,
gdc-coref,nks0.0,98020,98029,PORCIA,porcia,Cato,NE,cato,20594,,
gdc-coref,nks0.0,98020,98029,PORCIA,porcia,.,$.,--,20594,,
gdc-coref,nks0.0,98660,98679,CATO,cato,kehret,VVFIN,kehren,20594,,
gdc-coref,nks0.0,98660,98679,CATO,cato,sich,PRF,sich,20594,,
gdc-coref,nks0.0,98660,98679,CATO,cato,zu,PTKZU,zu,20594,,
gdc-coref,nks0.0,98660,98679,CATO,cato,ihr,PPER,ihr,20594,,
gdc-coref,nks0.0,98660,98679,CATO,cato,.,$.,--,20594,,
gdc-coref,nks0.0,99597,99609,CATO,cato,aufgebracht,VVPP,aufbringen,20594,,
gdc-coref,nks0.0,99597,99609,CATO,cato,.,$.,--,20594,,
gdc-coref,nks0.0,99864,99871,CATO,cato,zornig,ADV,zornig,20594,,
gdc-coref,nks0.0,99864,99871,CATO,cato,.,$.,--,20594,,
gdc-coref,nks0.0,99984,99991,PORCIA,porcia,bewegt,VVPP,bewegen,20594,,
gdc-coref,nks0.0,99984,99991,PORCIA,porcia,.,$.,--,20594,,
gdc-coref,nks0.0,100385,100397,PORCIA,porcia,mit,APPR,mit,20594,,
gdc-coref,nks0.0,100385,100397,PORCIA,porcia,Thränen,NN,thran,20594,,
gdc-coref,nks0.0,100385,100397,PORCIA,porcia,.,$.,--,20594,,
gdc-coref,nks0.0,100749,100779,CATO,cato,aus,APPR,aus,20594,,
gdc-coref,nks0.0,100749,100779,CATO,cato,tiefen,ADJA,tief,20594,,
gdc-coref,nks0.0,100749,100779,CATO,cato,Gedanken,NN,gedanke,20594,,
gdc-coref,nks0.0,100749,100779,CATO,cato,erwachend,ADJD,erwachend,20594,,
gdc-coref,nks0.0,100749,100779,CATO,cato,.,$.,--,20594,,
gdc-coref,nks0.0,100873,100883,PORCIA,porcia,beweglich,ADJD,beweglich,20594,,
gdc-coref,nks0.0,100873,100883,PORCIA,porcia,.,$.,--,20594,,
gdc-coref,nks0.0,101094,101122,PORCIA,porcia,Gesetzt,VVPP,setzen,20594,,
gdc-coref,nks0.0,101094,101122,PORCIA,porcia,",","$,",--,20594,,
gdc-coref,nks0.0,101094,101122,PORCIA,porcia,und,KON,und,20594,,
gdc-coref,nks0.0,101094,101122,PORCIA,porcia,hernach,ADV,hernach,20594,,
gdc-coref,nks0.0,101094,101122,PORCIA,porcia,eifrig,ADJD,eifrig,20594,,
gdc-coref,nks0.0,101094,101122,PORCIA,porcia,.,$.,--,20594,,
gdc-coref,nks0.0,101344,101356,CATO,cato,umarmet,ADJD,umarmen,20594,,
gdc-coref,nks0.0,101344,101356,CATO,cato,sie,PPER,sie,20594,,
gdc-coref,nks0.0,101344,101356,CATO,cato,.,$.,--,20594,,
gdc-coref,nks0.0,101642,101680,_Stage,_Stage,Cäsar,NE,cäsar,20594,,
gdc-coref,nks0.0,101642,101680,_Stage,_Stage,.,$.,--,20594,,
gdc-coref,nks0.0,101642,101680,_Stage,_Stage,Cato,NE,cato,20594,,
gdc-coref,nks0.0,101642,101680,_Stage,_Stage,.,$.,--,20594,,
gdc-coref,nks0.0,101642,101680,_Stage,_Stage,Porcius,NE,porcius,20594,,
gdc-coref,nks0.0,101642,101680,_Stage,_Stage,.,$.,--,20594,,
gdc-coref,nks0.0,101642,101680,_Stage,_Stage,Porcia,NE,porcia,20594,,
gdc-coref,nks0.0,101642,101680,_Stage,_Stage,.,$.,--,20594,,
gdc-coref,nks0.0,101642,101680,_Stage,_Stage,Phönice,NE,phönice,20594,,
gdc-coref,nks0.0,101642,101680,_Stage,_Stage,.,$.,--,20594,,
gdc-coref,nks0.0,101840,101849,CATO,cato,herzhaft,ADJD,herzhaft,20594,,
gdc-coref,nks0.0,101840,101849,CATO,cato,.,$.,--,20594,,
gdc-coref,nks0.0,102827,102838,CÄSAR,cäsar,Zu,PTKZU,zu,20594,,
gdc-coref,nks0.0,102827,102838,CÄSAR,cäsar,Porcien,VVINF,porcien,20594,,
gdc-coref,nks0.0,102827,102838,CÄSAR,cäsar,.,$.,--,20594,,
gdc-coref,nks0.0,104263,104294,CÄSAR,cäsar,bald,ADV,bald,20594,,
gdc-coref,nks0.0,104263,104294,CÄSAR,cäsar,zu,PTKZU,zu,20594,,
gdc-coref,nks0.0,104263,104294,CÄSAR,cäsar,Porcien,VVINF,porcien,20594,,
gdc-coref,nks0.0,104263,104294,CÄSAR,cäsar,",","$,",--,20594,,
gdc-coref,nks0.0,104263,104294,CÄSAR,cäsar,bald,ADV,bald,20594,,
gdc-coref,nks0.0,104263,104294,CÄSAR,cäsar,zum,APPRART,zu,20594,,
gdc-coref,nks0.0,104263,104294,CÄSAR,cäsar,Cato,NN,cato,20594,,
gdc-coref,nks0.0,104263,104294,CÄSAR,cäsar,.,$.,--,20594,,
gdc-coref,nks0.0,104623,104635,CATO,cato,aufgebracht,VVPP,aufbringen,20594,,
gdc-coref,nks0.0,104623,104635,CATO,cato,.,$.,--,20594,,
gdc-coref,nks0.0,105279,105327,_Stage,_Stage,Cato,NE,cato,20594,,
gdc-coref,nks0.0,105279,105327,_Stage,_Stage,.,$.,--,20594,,
gdc-coref,nks0.0,105279,105327,_Stage,_Stage,Cäsar,NE,cäsar,20594,,
gdc-coref,nks0.0,105279,105327,_Stage,_Stage,.,$.,--,20594,,
gdc-coref,nks0.0,105279,105327,_Stage,_Stage,Porcia,NE,porcia,20594,,
gdc-coref,nks0.0,105279,105327,_Stage,_Stage,.,$.,--,20594,,
gdc-coref,nks0.0,105279,105327,_Stage,_Stage,Porcius,NE,porcius,20594,,
gdc-coref,nks0.0,105279,105327,_Stage,_Stage,.,$.,--,20594,,
gdc-coref,nks0.0,105279,105327,_Stage,_Stage,Phönice,NE,phönice,20594,,
gdc-coref,nks0.0,105279,105327,_Stage,_Stage,.,$.,--,20594,,
gdc-coref,nks0.0,105279,105327,_Stage,_Stage,Domitius,NE,domitius,20594,,
gdc-coref,nks0.0,105279,105327,_Stage,_Stage,.,$.,--,20594,,
gdc-coref,nks0.0,106037,106049,CATO,cato,erschrocken,VVIZU,erschrocken,20594,,
gdc-coref,nks0.0,106037,106049,CATO,cato,.,$.,--,20594,,
gdc-coref,nks0.0,107046,107055,CATO,cato,gelassen,VVPP,lassen,20594,,
gdc-coref,nks0.0,107046,107055,CATO,cato,.,$.,--,20594,,
gdc-coref,nks0.0,107825,107906,PORCIA,porcia,Cäsar,NE,cäsar,20594,,
gdc-coref,nks0.0,107825,107906,PORCIA,porcia,und,KON,und,20594,,
gdc-coref,nks0.0,107825,107906,PORCIA,porcia,Domitius,NN,domitius,20594,,
gdc-coref,nks0.0,107825,107906,PORCIA,porcia,gehen,VVFIN,gehen,20594,,
gdc-coref,nks0.0,107825,107906,PORCIA,porcia,ab,PTKVZ,ab,20594,,
gdc-coref,nks0.0,107825,107906,PORCIA,porcia,.,$.,--,20594,,
gdc-coref,nks0.0,107825,107906,PORCIA,porcia,Porcia,NE,porcia,20594,,
gdc-coref,nks0.0,107825,107906,PORCIA,porcia,folgt,VVFIN,folgen,20594,,
gdc-coref,nks0.0,107825,107906,PORCIA,porcia,mit,APPR,mit,20594,,
gdc-coref,nks0.0,107825,107906,PORCIA,porcia,Phönicen,NN,phönice,20594,,
gdc-coref,nks0.0,107825,107906,PORCIA,porcia,",","$,",--,20594,,
gdc-coref,nks0.0,107825,107906,PORCIA,porcia,doch,KON,doch,20594,,
gdc-coref,nks0.0,107825,107906,PORCIA,porcia,an,APPR,an,20594,,
gdc-coref,nks0.0,107825,107906,PORCIA,porcia,der,ART,der,20594,,
gdc-coref,nks0.0,107825,107906,PORCIA,porcia,andern,ADJA,anderer,20594,,
gdc-coref,nks0.0,107825,107906,PORCIA,porcia,Seite,NN,seite,20594,,
gdc-coref,nks0.0,107825,107906,PORCIA,porcia,.,$.,--,20594,,
gdc-coref,nks0.0,107961,108051,_Stage,_Stage,Cato,NE,cato,20594,,
gdc-coref,nks0.0,107961,108051,_Stage,_Stage,.,$.,--,20594,,
gdc-coref,nks0.0,107961,108051,_Stage,_Stage,Porcius,NE,porcius,20594,,
gdc-coref,nks0.0,107961,108051,_Stage,_Stage,.,$.,--,20594,,
gdc-coref,nks0.0,107961,108051,_Stage,_Stage,Phokas,NE,phokas,20594,,
gdc-coref,nks0.0,107961,108051,_Stage,_Stage,.,$.,--,20594,,
gdc-coref,nks0.0,107961,108051,_Stage,_Stage,Artabanus,NE,artabanus,20594,,
gdc-coref,nks0.0,107961,108051,_Stage,_Stage,.,$.,--,20594,,
gdc-coref,nks0.0,107961,108051,_Stage,_Stage,Die,ART,der,20594,,
gdc-coref,nks0.0,107961,108051,_Stage,_Stage,Bedienten,NN,bedient,20594,,
gdc-coref,nks0.0,107961,108051,_Stage,_Stage,",","$,",--,20594,,
gdc-coref,nks0.0,107961,108051,_Stage,_Stage,die,PRELS,der,20594,,
gdc-coref,nks0.0,107961,108051,_Stage,_Stage,den,ART,der,20594,,
gdc-coref,nks0.0,107961,108051,_Stage,_Stage,todten,ADJA,todt,20594,,
gdc-coref,nks0.0,107961,108051,_Stage,_Stage,Leichnam,NN,leichnam,20594,,
gdc-coref,nks0.0,107961,108051,_Stage,_Stage,getragen,VVPP,tragen,20594,,
gdc-coref,nks0.0,107961,108051,_Stage,_Stage,bringen,VVINF,bringen,20594,,
gdc-coref,nks0.0,107961,108051,_Stage,_Stage,.,$.,--,20594,,
gdc-coref,nks0.0,108898,108919,ARTABAN,artabanus,zum,APPRART,zu,20594,,
gdc-coref,nks0.0,108898,108919,ARTABAN,artabanus,Phokas,NN,phokas,20594,,
gdc-coref,nks0.0,108898,108919,ARTABAN,artabanus,",","$,",--,20594,,
gdc-coref,nks0.0,108898,108919,ARTABAN,artabanus,erstaunt,VVPP,erstaunen,20594,,
gdc-coref,nks0.0,108898,108919,ARTABAN,artabanus,.,$.,--,20594,,
gdc-coref,nks0.0,109011,109020,CATO,cato,gelassen,VVPP,lassen,20594,,
gdc-coref,nks0.0,109011,109020,CATO,cato,.,$.,--,20594,,
gdc-coref,nks0.0,109339,109346,CATO,cato,Bewegt,ADJD,bewegen,20594,,
gdc-coref,nks0.0,109339,109346,CATO,cato,.,$.,--,20594,,
gdc-coref,nks0.0,109392,109418,CATO,cato,Er,PPER,er,20594,,
gdc-coref,nks0.0,109392,109418,CATO,cato,wischet,VVFIN,wischen,20594,,
gdc-coref,nks0.0,109392,109418,CATO,cato,sich,PRF,sich,20594,,
gdc-coref,nks0.0,109392,109418,CATO,cato,die,ART,der,20594,,
gdc-coref,nks0.0,109392,109418,CATO,cato,Augen,NN,auge,20594,,
gdc-coref,nks0.0,109392,109418,CATO,cato,.,$.,--,20594,,
gdc-coref,nks0.0,109548,109560,CATO,cato,nachsinnend,ADJD,nachsinnend,20594,,
gdc-coref,nks0.0,109548,109560,CATO,cato,.,$.,--,20594,,
gdc-coref,nks0.0,109917,109929,CATO,cato,Aufgebracht,VVPP,aufgebracht,20594,,
gdc-coref,nks0.0,109917,109929,CATO,cato,.,$.,--,20594,,
gdc-coref,nks0.0,110080,110087,CATO,cato,muthig,ADJD,muthig,20594,,
gdc-coref,nks0.0,110080,110087,CATO,cato,.,$.,--,20594,,
gdc-coref,nks0.0,110362,110372,CATO,cato,Bekümmert,VVPP,bekümmert,20594,,
gdc-coref,nks0.0,110362,110372,CATO,cato,.,$.,--,20594,,
gdc-coref,nks0.0,110756,110768,CATO,cato,Zum,APPRART,zu,20594,,
gdc-coref,nks0.0,110756,110768,CATO,cato,Artaban,NE,artaban,20594,,
gdc-coref,nks0.0,110756,110768,CATO,cato,.,$.,--,20594,,
gdc-coref,nks0.0,111204,111220,CATO,cato,Zu,APPR,zu,20594,,
gdc-coref,nks0.0,111204,111220,CATO,cato,seinem,PPOSAT,sein,20594,,
gdc-coref,nks0.0,111204,111220,CATO,cato,Sohne,NN,sohne,20594,,
gdc-coref,nks0.0,111204,111220,CATO,cato,.,$.,--,20594,,
gdc-coref,nks0.0,111983,111992,CATO,cato,zu,APPR,zu,20594,,
gdc-coref,nks0.0,111983,111992,CATO,cato,allen,PIDAT,allen,20594,,
gdc-coref,nks0.0,111983,111992,CATO,cato,.,$.,--,20594,,
gdc-coref,nks0.0,112535,112565,CATO,cato,Er,PPER,er,20594,,
gdc-coref,nks0.0,112535,112565,CATO,cato,kehrt,VVFIN,kehren,20594,,
gdc-coref,nks0.0,112535,112565,CATO,cato,sich,PRF,sich,20594,,
gdc-coref,nks0.0,112535,112565,CATO,cato,nach,APPR,nach,20594,,
gdc-coref,nks0.0,112535,112565,CATO,cato,dem,ART,der,20594,,
gdc-coref,nks0.0,112535,112565,CATO,cato,Todten,NN,todte,20594,,
gdc-coref,nks0.0,112535,112565,CATO,cato,.,$.,--,20594,,
gdc-coref,nks0.0,112883,112909,CATO,cato,Ende,NN,ende,20594,,
gdc-coref,nks0.0,112883,112909,CATO,cato,des,ART,der,20594,,
gdc-coref,nks0.0,112883,112909,CATO,cato,vierten,ADJA,vierter,20594,,
gdc-coref,nks0.0,112883,112909,CATO,cato,Aufzuges,NN,aufzug,20594,,
gdc-coref,nks0.0,112883,112909,CATO,cato,.,$.,--,20594,,
gdc-coref,nks0.0,112975,113133,_Stage,_Stage,Cato,NE,cato,20594,,
gdc-coref,nks0.0,112975,113133,_Stage,_Stage,allein,ADV,allein,20594,,
gdc-coref,nks0.0,112975,113133,_Stage,_Stage,",","$,",--,20594,,
gdc-coref,nks0.0,112975,113133,_Stage,_Stage,der,PRELS,der,20594,,
gdc-coref,nks0.0,112975,113133,_Stage,_Stage,in,APPR,in,20594,,
gdc-coref,nks0.0,112975,113133,_Stage,_Stage,tiefen,ADJA,tief,20594,,
gdc-coref,nks0.0,112975,113133,_Stage,_Stage,Gedanken,NN,gedanke,20594,,
gdc-coref,nks0.0,112975,113133,_Stage,_Stage,sitzt,VVFIN,sitzen,20594,,
gdc-coref,nks0.0,112975,113133,_Stage,_Stage,",","$,",--,20594,,
gdc-coref,nks0.0,112975,113133,_Stage,_Stage,und,KON,und,20594,,
gdc-coref,nks0.0,112975,113133,_Stage,_Stage,ein,ART,ein,20594,,
gdc-coref,nks0.0,112975,113133,_Stage,_Stage,Buch,NN,buch,20594,,
gdc-coref,nks0.0,112975,113133,_Stage,_Stage,in,APPR,in,20594,,
gdc-coref,nks0.0,112975,113133,_Stage,_Stage,Händen,NN,hand,20594,,
gdc-coref,nks0.0,112975,113133,_Stage,_Stage,hat,VAFIN,haben,20594,,
gdc-coref,nks0.0,112975,113133,_Stage,_Stage,.,$.,--,20594,,
gdc-coref,nks0.0,112975,113133,_Stage,_Stage,Es,PPER,es,20594,,
gdc-coref,nks0.0,112975,113133,_Stage,_Stage,liegt,VVFIN,liegen,20594,,
gdc-coref,nks0.0,112975,113133,_Stage,_Stage,neben,APPR,neben,20594,,
gdc-coref,nks0.0,112975,113133,_Stage,_Stage,ihm,PPER,ihm,20594,,
gdc-coref,nks0.0,112975,113133,_Stage,_Stage,ein,ART,ein,20594,,
gdc-coref,nks0.0,112975,113133,_Stage,_Stage,bloßer,ADJA,bloß,20594,,
gdc-coref,nks0.0,112975,113133,_Stage,_Stage,Degen,NN,degen,20594,,
gdc-coref,nks0.0,112975,113133,_Stage,_Stage,auf,APPR,auf,20594,,
gdc-coref,nks0.0,112975,113133,_Stage,_Stage,dem,ART,der,20594,,
gdc-coref,nks0.0,112975,113133,_Stage,_Stage,Tische,NN,tisch,20594,,
gdc-coref,nks0.0,112975,113133,_Stage,_Stage,;,$.,--,20594,,
gdc-coref,nks0.0,112975,113133,_Stage,_Stage,und,KON,und,20594,,
gdc-coref,nks0.0,112975,113133,_Stage,_Stage,an,APPR,an,20594,,
gdc-coref,nks0.0,112975,113133,_Stage,_Stage,der,ART,der,20594,,
gdc-coref,nks0.0,112975,113133,_Stage,_Stage,Seite,NN,seite,20594,,
gdc-coref,nks0.0,112975,113133,_Stage,_Stage,steht,VVFIN,stehen,20594,,
gdc-coref,nks0.0,112975,113133,_Stage,_Stage,ein,ART,ein,20594,,
gdc-coref,nks0.0,112975,113133,_Stage,_Stage,Ruhbett,NN,ruhbett,20594,,
gdc-coref,nks0.0,112975,113133,_Stage,_Stage,.,$.,--,20594,,
gdc-coref,nks0.0,114532,114557,CATO,cato,Er,PPER,er,20594,,
gdc-coref,nks0.0,114532,114557,CATO,cato,greift,VVFIN,greifen,20594,,
gdc-coref,nks0.0,114532,114557,CATO,cato,nach,APPR,nach,20594,,
gdc-coref,nks0.0,114532,114557,CATO,cato,dem,ART,der,20594,,
gdc-coref,nks0.0,114532,114557,CATO,cato,Degen,NN,degen,20594,,
gdc-coref,nks0.0,114532,114557,CATO,cato,.,$.,--,20594,,
gdc-coref,nks0.0,115851,115892,CATO,cato,Er,PPER,er,20594,,
gdc-coref,nks0.0,115851,115892,CATO,cato,legt,VVFIN,legen,20594,,
gdc-coref,nks0.0,115851,115892,CATO,cato,sich,PRF,sich,20594,,
gdc-coref,nks0.0,115851,115892,CATO,cato,auf,APPR,auf,20594,,
gdc-coref,nks0.0,115851,115892,CATO,cato,den,ART,der,20594,,
gdc-coref,nks0.0,115851,115892,CATO,cato,Arm,NN,arm,20594,,
gdc-coref,nks0.0,115851,115892,CATO,cato,",","$,",--,20594,,
gdc-coref,nks0.0,115851,115892,CATO,cato,um,KOUI,um,20594,,
gdc-coref,nks0.0,115851,115892,CATO,cato,zu,PTKZU,zu,20594,,
gdc-coref,nks0.0,115851,115892,CATO,cato,schlafen,VVINF,schlafen,20594,,
gdc-coref,nks0.0,115851,115892,CATO,cato,.,$.,--,20594,,
gdc-coref,nks0.0,115946,115960,_Stage,_Stage,Cato,NE,cato,20594,,
gdc-coref,nks0.0,115946,115960,_Stage,_Stage,.,$.,--,20594,,
gdc-coref,nks0.0,115946,115960,_Stage,_Stage,Porcius,NE,porcius,20594,,
gdc-coref,nks0.0,115946,115960,_Stage,_Stage,.,$.,--,20594,,
gdc-coref,nks0.0,116118,116137,PORCIUS,porcius,ergreift,VVFIN,ergreifen,20594,,
gdc-coref,nks0.0,116118,116137,PORCIUS,porcius,den,ART,der,20594,,
gdc-coref,nks0.0,116118,116137,PORCIUS,porcius,Degen,NN,degen,20594,,
gdc-coref,nks0.0,116118,116137,PORCIUS,porcius,.,$.,--,20594,,
gdc-coref,nks0.0,116232,116250,CATO,cato,will,VMFIN,wollen,20594,,
gdc-coref,nks0.0,116232,116250,CATO,cato,ihn,PPER,ihn,20594,,
gdc-coref,nks0.0,116232,116250,CATO,cato,behalten,VVINF,behalten,20594,,
gdc-coref,nks0.0,116232,116250,CATO,cato,.,$.,--,20594,,
gdc-coref,nks0.0,116603,116622,PORCIUS,porcius,läßt,VVFIN,lassen,20594,,
gdc-coref,nks0.0,116603,116622,PORCIUS,porcius,den,ART,der,20594,,
gdc-coref,nks0.0,116603,116622,PORCIUS,porcius,Degen,NN,degen,20594,,
gdc-coref,nks0.0,116603,116622,PORCIUS,porcius,los,PTKVZ,los,20594,,
gdc-coref,nks0.0,116603,116622,PORCIUS,porcius,.,$.,--,20594,,
gdc-coref,nks0.0,117346,117358,CATO,cato,umarmet,ADJD,umarmen,20594,,
gdc-coref,nks0.0,117346,117358,CATO,cato,ihn,PPER,ihn,20594,,
gdc-coref,nks0.0,117346,117358,CATO,cato,.,$.,--,20594,,
gdc-coref,nks0.0,118100,118177,PORCIUS,porcius,Cato,NE,cato,20594,,
gdc-coref,nks0.0,118100,118177,PORCIUS,porcius,legt,VVFIN,legen,20594,,
gdc-coref,nks0.0,118100,118177,PORCIUS,porcius,sich,PRF,sich,20594,,
gdc-coref,nks0.0,118100,118177,PORCIUS,porcius,auf,APPR,auf,20594,,
gdc-coref,nks0.0,118100,118177,PORCIUS,porcius,das,ART,der,20594,,
gdc-coref,nks0.0,118100,118177,PORCIUS,porcius,Bett,NN,bett,20594,,
gdc-coref,nks0.0,118100,118177,PORCIUS,porcius,",","$,",--,20594,,
gdc-coref,nks0.0,118100,118177,PORCIUS,porcius,um,KOUI,um,20594,,
gdc-coref,nks0.0,118100,118177,PORCIUS,porcius,zu,PTKZU,zu,20594,,
gdc-coref,nks0.0,118100,118177,PORCIUS,porcius,schlafen,VVINF,schlafen,20594,,
gdc-coref,nks0.0,118100,118177,PORCIUS,porcius,",","$,",--,20594,,
gdc-coref,nks0.0,118100,118177,PORCIUS,porcius,und,KON,und,20594,,
gdc-coref,nks0.0,118100,118177,PORCIUS,porcius,der,ART,der,20594,,
gdc-coref,nks0.0,118100,118177,PORCIUS,porcius,innere,ADJA,innerer,20594,,
gdc-coref,nks0.0,118100,118177,PORCIUS,porcius,Vorhang,NN,vorhang,20594,,
gdc-coref,nks0.0,118100,118177,PORCIUS,porcius,fällt,VVFIN,fallen,20594,,
gdc-coref,nks0.0,118100,118177,PORCIUS,porcius,zu,PTKVZ,zu,20594,,
gdc-coref,nks0.0,118100,118177,PORCIUS,porcius,.,$.,--,20594,,
gdc-coref,nks0.0,118231,118247,_Stage,_Stage,Porcius,NE,porcius,20594,,
gdc-coref,nks0.0,118231,118247,_Stage,_Stage,.,$.,--,20594,,
gdc-coref,nks0.0,118231,118247,_Stage,_Stage,Porcia,NE,porcia,20594,,
gdc-coref,nks0.0,118231,118247,_Stage,_Stage,.,$.,--,20594,,
gdc-coref,nks0.0,118771,118782,PORCIUS,porcius,Er,PPER,er,20594,,
gdc-coref,nks0.0,118771,118782,PORCIUS,porcius,geht,VVFIN,gehen,20594,,
gdc-coref,nks0.0,118771,118782,PORCIUS,porcius,ab,PTKVZ,ab,20594,,
gdc-coref,nks0.0,118771,118782,PORCIUS,porcius,.,$.,--,20594,,
gdc-coref,nks0.0,119154,119170,_Stage,_Stage,Porcia,NE,porcia,20594,,
gdc-coref,nks0.0,119154,119170,_Stage,_Stage,.,$.,--,20594,,
gdc-coref,nks0.0,119154,119170,_Stage,_Stage,Phönice,NE,phönice,20594,,
gdc-coref,nks0.0,119154,119170,_Stage,_Stage,.,$.,--,20594,,
gdc-coref,nks0.0,119237,119246,PORCIA,porcia,behutsam,ADJD,behutsam,20594,,
gdc-coref,nks0.0,119237,119246,PORCIA,porcia,.,$.,--,20594,,
gdc-coref,nks0.0,120095,120105,PHÖNICE,phönice,bekümmert,VVFIN,bekümmern,20594,,
gdc-coref,nks0.0,120095,120105,PHÖNICE,phönice,.,$.,--,20594,,
gdc-coref,nks0.0,120445,120457,PORCIA,porcia,mit,APPR,mit,20594,,
gdc-coref,nks0.0,120445,120457,PORCIA,porcia,Thränen,NN,thran,20594,,
gdc-coref,nks0.0,120445,120457,PORCIA,porcia,.,$.,--,20594,,
gdc-coref,nks0.0,120538,120549,PORCIA,porcia,Sie,PPER,sie,20594,,
gdc-coref,nks0.0,120538,120549,PORCIA,porcia,weinet,VVFIN,weinen,20594,,
gdc-coref,nks0.0,120538,120549,PORCIA,porcia,.,$.,--,20594,,
gdc-coref,nks0.0,120810,120820,PORCIA,porcia,Sie,PPER,sie,20594,,
gdc-coref,nks0.0,120810,120820,PORCIA,porcia,weint,VVFIN,weinen,20594,,
gdc-coref,nks0.0,120810,120820,PORCIA,porcia,.,$.,--,20594,,
gdc-coref,nks0.0,120874,120898,_Stage,_Stage,Phokas,NE,phokas,20594,,
gdc-coref,nks0.0,120874,120898,_Stage,_Stage,.,$.,--,20594,,
gdc-coref,nks0.0,120874,120898,_Stage,_Stage,Porcia,NE,porcia,20594,,
gdc-coref,nks0.0,120874,120898,_Stage,_Stage,.,$.,--,20594,,
gdc-coref,nks0.0,120874,120898,_Stage,_Stage,Phönice,NE,phönice,20594,,
gdc-coref,nks0.0,120874,120898,_Stage,_Stage,.,$.,--,20594,,
gdc-coref,nks0.0,120909,120918,PHOKAS,phokas,vergnügt,VVPP,vergnügen,20594,,
gdc-coref,nks0.0,120909,120918,PHOKAS,phokas,.,$.,--,20594,,
gdc-coref,nks0.0,121559,121567,PORCIA,porcia,weinend,ADJD,weinend,20594,,
gdc-coref,nks0.0,121559,121567,PORCIA,porcia,.,$.,--,20594,,
gdc-coref,nks0.0,121841,121885,_Stage,_Stage,Artabanus,NE,artabanus,20594,,
gdc-coref,nks0.0,121841,121885,_Stage,_Stage,.,$.,--,20594,,
gdc-coref,nks0.0,121841,121885,_Stage,_Stage,Phokas,NE,phokas,20594,,
gdc-coref,nks0.0,121841,121885,_Stage,_Stage,.,$.,--,20594,,
gdc-coref,nks0.0,121841,121885,_Stage,_Stage,Porcius,NE,porcius,20594,,
gdc-coref,nks0.0,121841,121885,_Stage,_Stage,.,$.,--,20594,,
gdc-coref,nks0.0,121841,121885,_Stage,_Stage,Porcia,NE,porcia,20594,,
gdc-coref,nks0.0,121841,121885,_Stage,_Stage,.,$.,--,20594,,
gdc-coref,nks0.0,121841,121885,_Stage,_Stage,Phönice,NE,phönice,20594,,
gdc-coref,nks0.0,121841,121885,_Stage,_Stage,.,$.,--,20594,,
gdc-coref,nks0.0,122596,122640,_Stage,_Stage,Porcius,NE,porcius,20594,,
gdc-coref,nks0.0,122596,122640,_Stage,_Stage,.,$.,--,20594,,
gdc-coref,nks0.0,122596,122640,_Stage,_Stage,Artabanus,NE,artabanus,20594,,
gdc-coref,nks0.0,122596,122640,_Stage,_Stage,.,$.,--,20594,,
gdc-coref,nks0.0,122596,122640,_Stage,_Stage,Phokas,NE,phokas,20594,,
gdc-coref,nks0.0,122596,122640,_Stage,_Stage,.,$.,--,20594,,
gdc-coref,nks0.0,122596,122640,_Stage,_Stage,Porcia,NE,porcia,20594,,
gdc-coref,nks0.0,122596,122640,_Stage,_Stage,.,$.,--,20594,,
gdc-coref,nks0.0,122596,122640,_Stage,_Stage,Phönice,NE,phönice,20594,,
gdc-coref,nks0.0,122596,122640,_Stage,_Stage,.,$.,--,20594,,
gdc-coref,nks0.0,122822,122829,PORCIUS,porcius,bewegt,VVPP,bewegen,20594,,
gdc-coref,nks0.0,122822,122829,PORCIUS,porcius,.,$.,--,20594,,
gdc-coref,nks0.0,123268,123299,PORCIUS,porcius,Man,PIS,man,20594,,
gdc-coref,nks0.0,123268,123299,PORCIUS,porcius,höret,VVFIN,höret,20594,,
gdc-coref,nks0.0,123268,123299,PORCIUS,porcius,einen,ART,ein,20594,,
gdc-coref,nks0.0,123268,123299,PORCIUS,porcius,Tumult,NN,tumult,20594,,
gdc-coref,nks0.0,123268,123299,PORCIUS,porcius,drinnen,ADV,drinnen,20594,,
gdc-coref,nks0.0,123268,123299,PORCIUS,porcius,.,$.,--,20594,,
gdc-coref,nks0.0,123413,123434,PORCIUS,porcius,Porcius,NE,porcius,20594,,
gdc-coref,nks0.0,123413,123434,PORCIUS,porcius,läuft,VVFIN,laufen,20594,,
gdc-coref,nks0.0,123413,123434,PORCIUS,porcius,hinein,PTKVZ,hinein,20594,,
gdc-coref,nks0.0,123413,123434,PORCIUS,porcius,.,$.,--,20594,,
gdc-coref,nks0.0,123612,123640,PHOKAS,phokas,Man,PIS,man,20594,,
gdc-coref,nks0.0,123612,123640,PHOKAS,phokas,hört,VVFIN,hören,20594,,
gdc-coref,nks0.0,123612,123640,PHOKAS,phokas,ein,ART,ein,20594,,
gdc-coref,nks0.0,123612,123640,PHOKAS,phokas,neues,ADJA,neu,20594,,
gdc-coref,nks0.0,123612,123640,PHOKAS,phokas,Gepolter,NN,gepolter,20594,,
gdc-coref,nks0.0,123612,123640,PHOKAS,phokas,.,$.,--,20594,,
gdc-coref,nks0.0,123886,123906,PORCIUS,porcius,kömmt,VVFIN,kömmen,20594,,
gdc-coref,nks0.0,123886,123906,PORCIUS,porcius,eilend,ADJD,eilend,20594,,
gdc-coref,nks0.0,123886,123906,PORCIUS,porcius,wieder,ADV,wieder,20594,,
gdc-coref,nks0.0,123886,123906,PORCIUS,porcius,.,$.,--,20594,,
gdc-coref,nks0.0,124039,124083,PORCIUS,porcius,Sie,PPER,sie,20594,,
gdc-coref,nks0.0,124039,124083,PORCIUS,porcius,fällt,VVFIN,fallen,20594,,
gdc-coref,nks0.0,124039,124083,PORCIUS,porcius,in,APPR,in,20594,,
gdc-coref,nks0.0,124039,124083,PORCIUS,porcius,Ohnmacht,NN,ohnmacht,20594,,
gdc-coref,nks0.0,124039,124083,PORCIUS,porcius,",","$,",--,20594,,
gdc-coref,nks0.0,124039,124083,PORCIUS,porcius,und,KON,und,20594,,
gdc-coref,nks0.0,124039,124083,PORCIUS,porcius,Phönice,NN,phönice,20594,,
gdc-coref,nks0.0,124039,124083,PORCIUS,porcius,hält,VVFIN,halten,20594,,
gdc-coref,nks0.0,124039,124083,PORCIUS,porcius,sie,PPER,sie,20594,,
gdc-coref,nks0.0,124039,124083,PORCIUS,porcius,.,$.,--,20594,,
gdc-coref,nks0.0,124195,124215,PORCIUS,porcius,mit,APPR,mit,20594,,
gdc-coref,nks0.0,124195,124215,PORCIUS,porcius,bebender,ADJA,bebend,20594,,
gdc-coref,nks0.0,124195,124215,PORCIUS,porcius,Stimme,NN,stimme,20594,,
gdc-coref,nks0.0,124195,124215,PORCIUS,porcius,.,$.,--,20594,,
gdc-coref,nks0.0,124600,124612,PORCIA,porcia,mit,APPR,mit,20594,,
gdc-coref,nks0.0,124600,124612,PORCIA,porcia,Thränen,NN,thran,20594,,
gdc-coref,nks0.0,124600,124612,PORCIA,porcia,.,$.,--,20594,,
gdc-coref,nks0.0,124761,124809,_Stage,_Stage,Cato,NE,cato,20594,,
gdc-coref,nks0.0,124761,124809,_Stage,_Stage,.,$.,--,20594,,
gdc-coref,nks0.0,124761,124809,_Stage,_Stage,Porcius,NE,porcius,20594,,
gdc-coref,nks0.0,124761,124809,_Stage,_Stage,.,$.,--,20594,,
gdc-coref,nks0.0,124761,124809,_Stage,_Stage,Phokas,NE,phokas,20594,,
gdc-coref,nks0.0,124761,124809,_Stage,_Stage,.,$.,--,20594,,
gdc-coref,nks0.0,124761,124809,_Stage,_Stage,Porcia,NE,porcia,20594,,
gdc-coref,nks0.0,124761,124809,_Stage,_Stage,.,$.,--,20594,,
gdc-coref,nks0.0,124761,124809,_Stage,_Stage,Phönice,NE,phönice,20594,,
gdc-coref,nks0.0,124761,124809,_Stage,_Stage,.,$.,--,20594,,
gdc-coref,nks0.0,124761,124809,_Stage,_Stage,Artaban,NE,artaban,20594,,
gdc-coref,nks0.0,124761,124809,_Stage,_Stage,.,$.,--,20594,,
gdc-coref,nks0.0,124952,124970,PORCIUS,porcius,geht,VVFIN,gehen,20594,,
gdc-coref,nks0.0,124952,124970,PORCIUS,porcius,ihm,PPER,ihm,20594,,
gdc-coref,nks0.0,124952,124970,PORCIUS,porcius,entgegen,PTKVZ,entgegen,20594,,
gdc-coref,nks0.0,124952,124970,PORCIUS,porcius,.,$.,--,20594,,
gdc-coref,nks0.0,125012,125047,CATO,cato,den,ART,der,20594,,
gdc-coref,nks0.0,125012,125047,CATO,cato,man,PIS,man,20594,,
gdc-coref,nks0.0,125012,125047,CATO,cato,getragen,VVPP,tragen,20594,,
gdc-coref,nks0.0,125012,125047,CATO,cato,bringt,VVFIN,bringen,20594,,
gdc-coref,nks0.0,125012,125047,CATO,cato,",","$,",--,20594,,
gdc-coref,nks0.0,125012,125047,CATO,cato,ganz,ADV,ganz,20594,,
gdc-coref,nks0.0,125012,125047,CATO,cato,matt,ADJD,matt,20594,,
gdc-coref,nks0.0,125012,125047,CATO,cato,.,$.,--,20594,,
gdc-coref,nks0.0,125699,125713,CATO,cato,Er,PPER,er,20594,,
gdc-coref,nks0.0,125699,125713,CATO,cato,umarmt,VVPP,umarmen,20594,,
gdc-coref,nks0.0,125699,125713,CATO,cato,ihn,PPER,ihn,20594,,
gdc-coref,nks0.0,125699,125713,CATO,cato,.,$.,--,20594,,
gdc-coref,nks0.0,126994,127019,ARTABAN,artabanus,Ende,NN,ende,20594,,
gdc-coref,nks0.0,126994,127019,ARTABAN,artabanus,dieses,PDAT,dieser,20594,,
gdc-coref,nks0.0,126994,127019,ARTABAN,artabanus,Trauerspiels,NN,trauerspiel,20594,,
gdc-coref,nks0.0,126994,127019,ARTABAN,artabanus,.,$.,--,20594,,
